file_name,height,id,license,width
000.jpg,796,0,1,1000
001.jpg,350,1,1,466
002.jpg,473,2,1,622
003.jpg,800,3,1,1200
004.jpg,361,4,1,490
005.jpg,918,5,1,1567
006.jpg,410,6,1,768
007.jpg,1299,7,1,1180
008.jpg,391,8,1,500
009.jpg,1513,9,1,1990
010.jpg,415,10,1,622
011.jpg,473,11,1,622
012.jpg,1080,12,1,1920
013.jpg,550,13,1,1024
014.jpg,371,14,1,660
015.jpg,530,15,1,490
016.jpg,480,16,1,509
017.jpg,364,17,1,656
018.jpg,329,18,1,350
019.jpg,473,19,1,622
020.jpg,527,20,1,700
021.jpg,692,21,1,1000
022.jpg,637,22,1,622
023.jpg,312,23,1,531
024.jpg,502,24,1,684
025.jpg,398,25,1,550
026.jpg,1588,26,1,1600
027.jpg,1014,27,1,630
028.jpg,365,28,1,500
029.jpg,1299,29,1,1180
030.jpg,3178,30,1,2247
031.jpg,430,31,1,460
032.jpg,929,32,1,1024
033.jpg,576,33,1,1024
034.jpg,297,34,1,460
035.jpg,361,35,1,500
036.jpg,580,36,1,624
037.jpg,402,37,1,500
038.jpg,479,38,1,638
039.jpg,720,39,1,1280
040.jpg,242,40,1,305
041.jpg,506,41,1,500
042.jpg,383,42,1,1000
043.jpg,389,43,1,696
044.jpg,527,44,1,700
045.jpg,575,45,1,1023
046.jpg,578,46,1,1023
047.jpg,465,47,1,660
048.jpg,308,48,1,290
049.jpg,754,49,1,800
050.jpg,623,50,1,510
051.jpg,370,51,1,300
052.jpg,462,52,1,600
053.jpg,592,53,1,888
054.jpg,630,54,1,1200
055.jpg,500,55,1,666
056.jpg,372,56,1,622
057.jpg,575,57,1,1023
058.jpg,360,58,1,450
059.jpg,576,59,1,1024
060.jpg,1962,60,1,2000
061.jpg,508,61,1,503
062.jpg,1425,62,1,2048
063.jpg,512,63,1,624
064.jpg,310,64,1,305
065.jpg,297,65,1,460
066.jpg,310,66,1,305
067.jpg,380,67,1,665
068.jpg,394,68,1,700
069.jpg,575,69,1,1023
070.jpg,617,70,1,546
071.jpg,295,71,1,240
072.jpg,378,72,1,446
073.jpg,312,73,1,570
074.jpg,960,74,1,539
075.jpg,406,75,1,650
076.jpg,468,76,1,624
077.jpg,506,77,1,500
078.jpg,605,78,1,557
079.jpg,239,79,1,305
080.jpg,277,80,1,492
081.jpg,409,81,1,685
082.jpg,578,82,1,1024
083.jpg,624,83,1,1200
084.jpg,380,84,1,665
085.jpg,869,85,1,640
086.jpg,253,86,1,450
087.jpg,409,87,1,660
088.jpg,603,88,1,685
089.jpg,869,89,1,640
090.jpg,460,90,1,690
091.jpg,641,91,1,622
092.jpg,575,92,1,1023
093.jpg,1588,93,1,1600
094.jpg,587,94,1,800
096.jpg,285,96,1,500
097.jpg,869,97,1,640
098.jpg,530,98,1,490
099.jpg,449,99,1,637
100.jpg,1005,100,1,1608
101.jpg,489,101,1,620
102.jpg,585,102,1,660
103.jpg,575,103,1,1023
104.jpg,580,104,1,624
105.jpg,360,105,1,600
106.jpg,308,106,1,290
107.jpg,641,107,1,622
108.jpg,497,108,1,800
109.jpg,391,109,1,500
110.jpg,564,110,1,800
111.jpg,350,111,1,450
112.jpg,547,112,1,800
113.jpg,360,113,1,480
114.jpg,367,114,1,550
115.jpg,311,115,1,284
116.jpg,824,116,1,755
117.jpg,770,117,1,1320
118.jpg,548,118,1,574
119.jpg,320,119,1,715
120.jpg,376,120,1,665
121.jpg,468,121,1,400
122.jpg,414,122,1,622
123.jpg,415,123,1,622
124.jpg,346,124,1,500
125.jpg,870,125,1,1000
126.jpg,960,126,1,960
127.jpg,1212,127,1,986
128.jpg,358,128,1,691
129.jpg,467,129,1,700
130.jpg,623,130,1,510
131.jpg,371,131,1,660
132.jpg,802,132,1,492
133.jpg,580,133,1,624
134.jpg,540,134,1,496
135.jpg,200,135,1,320
136.jpg,374,136,1,666
137.jpg,402,137,1,580
138.jpg,918,138,1,767
139.jpg,688,139,1,500
140.jpg,414,140,1,622
141.jpg,365,141,1,660
142.jpg,246,142,1,170
143.jpg,564,143,1,800
144.jpg,513,144,1,750
145.jpg,415,145,1,622
146.jpg,575,146,1,1023
147.jpg,440,147,1,660
148.jpg,1206,148,1,979
149.jpg,583,149,1,380
150.jpg,340,150,1,450
151.jpg,988,151,1,1050
152.jpg,648,152,1,863
153.jpg,315,153,1,500
154.jpg,660,154,1,630
155.jpg,722,155,1,686
156.jpg,346,156,1,500
157.jpg,605,157,1,463
158.jpg,505,158,1,600
159.jpg,575,159,1,1023
160.jpg,360,160,1,450
161.jpg,295,161,1,504
162.jpg,417,162,1,740
163.jpg,832,163,1,1024
164.jpg,1069,164,1,1563
165.jpg,440,165,1,660
166.jpg,273,166,1,478
167.jpg,309,167,1,550
168.jpg,533,168,1,800
169.jpg,1080,169,1,911
170.jpg,767,170,1,593
171.jpg,473,171,1,622
172.jpg,440,172,1,470
173.jpg,438,173,1,700
174.jpg,371,174,1,660
175.jpg,618,175,1,622
176.jpg,770,176,1,1200
177.jpg,402,177,1,500
178.jpg,565,178,1,600
179.jpg,1564,179,1,1484
180.jpg,494,180,1,640
181.jpg,459,181,1,660
182.jpg,700,182,1,500
183.jpg,280,183,1,450
184.jpg,332,184,1,480
185.jpg,406,185,1,650
186.jpg,1080,186,1,911
187.jpg,711,187,1,711
188.jpg,306,188,1,558
189.jpg,295,189,1,240
190.jpg,596,190,1,750
191.jpg,370,191,1,300
192.jpg,630,192,1,1200
193.jpg,580,193,1,624
194.jpg,460,194,1,800
195.jpg,498,195,1,500
196.jpg,383,196,1,1000
197.jpg,555,197,1,987
198.jpg,458,198,1,638
199.jpg,900,199,1,1200
200.jpg,868,200,1,1280
201.jpg,623,201,1,510
202.jpg,1016,202,1,590
203.jpg,570,203,1,750
204.jpg,537,204,1,660
205.jpg,366,205,1,700
206.jpg,624,206,1,1200
207.jpg,575,207,1,1023
208.jpg,246,208,1,170
209.jpg,306,209,1,490
210.jpg,360,210,1,480
211.jpg,345,211,1,540
212.jpg,550,212,1,405
213.jpg,505,213,1,550
214.jpg,764,214,1,600
215.jpg,1207,215,1,1050
216.jpg,900,216,1,1600
217.jpg,250,217,1,600
218.jpg,298,218,1,305
219.jpg,1015,219,1,690
220.jpg,547,220,1,450
221.jpg,649,221,1,480
222.jpg,750,222,1,536
223.jpg,337,223,1,600
224.jpg,578,224,1,1024
225.jpg,285,225,1,220
226.jpg,300,226,1,450
227.jpg,794,227,1,1000
228.jpg,528,228,1,450
229.jpg,339,229,1,315
230.jpg,207,230,1,220
231.jpg,423,231,1,500
232.jpg,400,232,1,590
233.jpg,353,233,1,290
234.jpg,229,234,1,305
235.jpg,545,235,1,630
236.jpg,440,236,1,470
237.jpg,641,237,1,622
238.jpg,1363,238,1,1024
239.jpg,596,239,1,948
240.jpg,833,240,1,1369
241.jpg,314,241,1,250
242.jpg,362,242,1,480
243.jpg,239,243,1,305
244.jpg,533,244,1,800
245.jpg,533,245,1,800
246.jpg,314,246,1,628
247.jpg,306,247,1,408
248.jpg,641,248,1,622
249.jpg,246,249,1,170
250.jpg,988,250,1,1050
251.jpg,1206,251,1,979
252.jpg,551,252,1,1196
253.jpg,598,253,1,580
254.jpg,599,254,1,463
255.jpg,824,255,1,755
256.jpg,596,256,1,948
257.jpg,1957,257,1,1467
258.jpg,365,258,1,500
259.jpg,445,259,1,610
260.jpg,512,260,1,500
261.jpg,280,261,1,600
262.jpg,507,262,1,624
263.jpg,603,263,1,685
264.jpg,520,264,1,700
265.jpg,599,265,1,598
266.jpg,675,266,1,1200
267.jpg,360,267,1,600
268.jpg,360,268,1,480
269.jpg,512,269,1,624
270.jpg,891,270,1,1188
271.jpg,201,271,1,251
272.jpg,288,272,1,450
273.jpg,366,273,1,700
274.jpg,862,274,1,521
275.jpg,417,275,1,740
276.jpg,637,276,1,622
277.jpg,506,277,1,350
278.jpg,669,278,1,700
279.jpg,571,279,1,500
280.jpg,547,280,1,360
281.jpg,578,281,1,1024
282.jpg,672,282,1,802
283.jpg,414,283,1,622
284.jpg,623,284,1,510
285.jpg,1842,285,1,1500
286.jpg,537,286,1,660
287.jpg,402,287,1,580
288.jpg,620,288,1,570
289.jpg,302,289,1,500
290.jpg,332,290,1,480
291.jpg,720,291,1,1280
292.jpg,578,292,1,1024
293.jpg,361,293,1,500
294.jpg,575,294,1,1023
295.jpg,371,295,1,660
296.jpg,500,296,1,700
297.jpg,547,297,1,450
298.jpg,362,298,1,480
299.jpg,550,299,1,1024
300.jpg,360,300,1,640
301.jpg,540,301,1,496
302.jpg,720,302,1,1280
303.jpg,575,303,1,1023
304.jpg,201,304,1,251
305.jpg,547,305,1,360
306.jpg,563,306,1,750
307.jpg,592,307,1,888
308.jpg,353,308,1,648
309.jpg,207,309,1,220
310.jpg,259,310,1,460
311.jpg,330,311,1,620
312.jpg,253,312,1,450
313.jpg,435,313,1,653
314.jpg,261,314,1,464
315.jpg,622,315,1,544
316.jpg,589,316,1,800
317.jpg,549,317,1,976
318.jpg,667,318,1,1000
319.jpg,578,319,1,1024
320.jpg,580,320,1,624
321.jpg,366,321,1,700
322.jpg,371,322,1,660
323.jpg,371,323,1,660
324.jpg,587,324,1,800
325.jpg,578,325,1,1024
326.jpg,851,326,1,579
327.jpg,458,327,1,638
328.jpg,641,328,1,622
329.jpg,570,329,1,750
330.jpg,379,330,1,300
331.jpg,505,331,1,600
332.jpg,869,332,1,640
333.jpg,310,333,1,548
334.jpg,314,334,1,250
335.jpg,800,335,1,1200
336.jpg,370,336,1,300
337.jpg,551,337,1,523
338.jpg,234,338,1,216
339.jpg,720,339,1,1280
340.jpg,800,340,1,566
341.jpg,406,341,1,500
342.jpg,325,342,1,300
343.jpg,641,343,1,1000
344.jpg,1608,344,1,1200
345.jpg,514,345,1,517
346.jpg,345,346,1,460
347.jpg,735,347,1,980
348.jpg,347,348,1,493
349.jpg,581,349,1,1080
350.jpg,414,350,1,519
351.jpg,212,351,1,404
352.jpg,512,352,1,510
353.jpg,1588,353,1,1600
354.jpg,1962,354,1,2000
355.jpg,516,355,1,370
356.jpg,600,356,1,532
357.jpg,847,357,1,704
358.jpg,608,358,1,1080
359.jpg,1280,359,1,1132
360.jpg,818,360,1,575
361.jpg,450,361,1,333
362.jpg,1842,362,1,1500
363.jpg,259,363,1,365
364.jpg,466,364,1,970
365.jpg,868,365,1,1280
366.jpg,500,366,1,428
367.jpg,558,367,1,496
368.jpg,580,368,1,624
369.jpg,478,369,1,660
370.jpg,230,370,1,408
371.jpg,447,371,1,547
372.jpg,316,372,1,500
373.jpg,1011,373,1,800
374.jpg,439,374,1,595
375.jpg,457,375,1,420
376.jpg,500,376,1,350
377.jpg,445,377,1,880
378.jpg,425,378,1,420
379.jpg,600,379,1,436
380.jpg,1125,380,1,1010
381.jpg,720,381,1,960
382.jpg,220,382,1,186
383.jpg,420,383,1,600
384.jpg,432,384,1,720
385.jpg,547,385,1,972
386.jpg,353,386,1,496
387.jpg,360,387,1,454
388.jpg,1399,388,1,1871
389.jpg,1000,389,1,1000
390.jpg,507,390,1,624
391.jpg,1000,391,1,650
392.jpg,1482,392,1,1124
393.jpg,800,393,1,520
394.jpg,1390,394,1,1054
395.jpg,381,395,1,678
396.jpg,453,396,1,680
397.jpg,1031,397,1,965
398.jpg,828,398,1,1340
399.jpg,1280,399,1,853
400.jpg,735,400,1,980
401.jpg,353,401,1,290
402.jpg,359,402,1,357
403.jpg,578,403,1,1024
404.jpg,682,404,1,500
405.jpg,450,405,1,600
406.jpg,501,406,1,892
407.jpg,682,407,1,650
408.jpg,173,408,1,220
409.jpg,350,409,1,500
410.jpg,322,410,1,400
411.jpg,1206,411,1,979
412.jpg,512,412,1,500
413.jpg,914,413,1,1240
414.jpg,2000,414,1,1967
415.jpg,660,415,1,590
416.jpg,960,416,1,960
417.jpg,773,417,1,457
418.jpg,600,418,1,970
419.jpg,435,419,1,608
420.jpg,500,420,1,1200
421.jpg,673,421,1,700
422.jpg,2871,422,1,2519
423.jpg,660,423,1,660
424.jpg,3333,424,1,3333
425.jpg,421,425,1,750
426.jpg,768,426,1,629
427.jpg,1282,427,1,850
428.jpg,523,428,1,473
429.jpg,1158,429,1,1367
430.jpg,480,430,1,640
431.jpg,2742,431,1,1950
432.jpg,120,432,1,200
433.jpg,522,433,1,700
434.jpg,230,434,1,410
435.jpg,620,435,1,465
436.jpg,716,436,1,600
437.jpg,359,437,1,639
438.jpg,360,438,1,480
439.jpg,1024,439,1,782
440.jpg,492,440,1,404
441.jpg,435,441,1,500
442.jpg,364,442,1,470
443.jpg,918,443,1,900
444.jpg,855,444,1,1051
445.jpg,627,445,1,940
446.jpg,650,446,1,861
447.jpg,364,447,1,600
448.jpg,1662,448,1,1200
449.jpg,500,449,1,426
450.jpg,3178,450,1,2247
451.jpg,361,451,1,643
452.jpg,338,452,1,500
453.jpg,567,453,1,500
454.jpg,741,454,1,1000
455.jpg,311,455,1,600
456.jpg,350,456,1,350
457.jpg,800,457,1,800
458.jpg,270,458,1,364
459.jpg,452,459,1,600
460.jpg,946,460,1,720
461.jpg,925,461,1,717
462.jpg,535,462,1,460
463.jpg,518,463,1,474
464.jpg,742,464,1,640
465.jpg,309,465,1,380
466.jpg,265,466,1,350
467.jpg,722,467,1,950
468.jpg,397,468,1,450
469.jpg,451,469,1,550
470.jpg,864,470,1,1152
471.jpg,690,471,1,602
472.jpg,1378,472,1,1160
473.jpg,407,473,1,600
474.jpg,434,474,1,628
475.jpg,220,475,1,165
476.jpg,445,476,1,589
477.jpg,1425,477,1,1969
478.jpg,584,478,1,690
479.jpg,441,479,1,781
480.jpg,300,480,1,300
481.jpg,512,481,1,628
482.jpg,576,482,1,1024
483.jpg,2157,483,1,2616
484.jpg,402,484,1,400
485.jpg,296,485,1,456
486.jpg,800,486,1,800
487.jpg,230,487,1,408
488.jpg,1080,488,1,1920
489.jpg,400,489,1,450
490.jpg,614,490,1,432
491.jpg,1027,491,1,855
492.jpg,800,492,1,800
493.jpg,191,493,1,345
494.jpg,533,494,1,400
495.jpg,555,495,1,800
496.jpg,540,496,1,960
497.jpg,416,497,1,450
498.jpg,487,498,1,650
499.jpg,800,499,1,800
500.jpg,300,500,1,330
501.jpg,310,501,1,310
502.jpg,3000,502,1,3900
503.jpg,2400,503,1,3200
504.jpg,3861,504,1,5462
505.jpg,470,505,1,450
506.jpg,510,506,1,461
507.jpg,628,507,1,647
508.jpg,840,508,1,688
509.jpg,2337,509,1,3282
510.jpg,500,510,1,719
511.jpg,350,511,1,350
512.jpg,457,512,1,650
513.jpg,230,513,1,408
514.jpg,643,514,1,756
515.jpg,244,515,1,427
516.jpg,421,516,1,600
517.jpg,633,517,1,500
518.jpg,500,518,1,1200
519.jpg,196,519,1,196
520.jpg,640,520,1,550
521.jpg,444,521,1,594
522.jpg,225,522,1,300
523.jpg,450,523,1,312
524.jpg,476,524,1,543
525.jpg,628,525,1,1200
526.jpg,758,526,1,1010
527.jpg,550,527,1,400
528.jpg,608,528,1,758
529.jpg,511,529,1,599
530.jpg,570,530,1,395
531.jpg,362,531,1,300
532.jpg,281,532,1,400
533.jpg,800,533,1,800
534.jpg,430,534,1,600
535.jpg,363,535,1,500
536.jpg,487,536,1,650
537.jpg,1125,537,1,774
538.jpg,735,538,1,980
539.jpg,1006,539,1,700
540.jpg,1431,540,1,1280
541.jpg,800,541,1,586
542.jpg,350,542,1,350
543.jpg,2245,543,1,3129
544.jpg,547,544,1,600
545.jpg,220,545,1,220
546.jpg,471,546,1,580
547.jpg,5119,547,1,6964
548.jpg,584,548,1,800
549.jpg,150,549,1,200
550.jpg,1000,550,1,745
551.jpg,1009,551,1,793
552.jpg,578,552,1,1024
553.jpg,383,553,1,550
554.jpg,417,554,1,800
555.jpg,286,555,1,400
556.jpg,740,556,1,1434
557.jpg,2804,557,1,3977
558.jpg,643,558,1,800
559.jpg,197,559,1,300
560.jpg,1398,560,1,2174
561.jpg,713,561,1,1269
562.jpg,426,562,1,600
563.jpg,408,563,1,500
564.jpg,200,564,1,320
565.jpg,335,565,1,600
566.jpg,469,566,1,400
567.jpg,567,567,1,747
568.jpg,1458,568,1,2063
569.jpg,1431,569,1,1280
570.jpg,796,570,1,640
571.jpg,401,571,1,570
572.jpg,720,572,1,1280
573.jpg,820,573,1,580
574.jpg,479,574,1,600
575.jpg,404,575,1,346
576.jpg,1296,576,1,972
577.jpg,1214,577,1,800
578.jpg,774,578,1,600
579.jpg,401,579,1,500
580.jpg,452,580,1,580
581.jpg,944,581,1,782
582.jpg,383,582,1,500
583.jpg,434,583,1,608
584.jpg,1926,584,1,3002
585.jpg,414,585,1,500
586.jpg,661,586,1,934
587.jpg,200,587,1,220
588.jpg,378,588,1,630
589.jpg,369,589,1,500
590.jpg,200,590,1,300
591.jpg,699,591,1,1268
592.jpg,441,592,1,888
593.jpg,191,593,1,345
594.jpg,1292,594,1,937
595.jpg,678,595,1,500
596.jpg,800,596,1,800
597.jpg,366,597,1,320
598.jpg,1236,598,1,1600
599.jpg,506,599,1,650
600.jpg,350,600,1,350
601.jpg,410,601,1,268
602.jpg,800,602,1,800
603.jpg,1556,603,1,2239
604.jpg,307,604,1,324
605.jpg,600,605,1,445
606.jpg,453,606,1,713
607.jpg,584,607,1,650
608.jpg,620,608,1,480
609.jpg,2183,609,1,2677
610.jpg,636,610,1,445
611.jpg,585,611,1,800
612.jpg,486,612,1,655
613.jpg,2920,613,1,4200
614.jpg,380,614,1,599
615.jpg,347,615,1,599
616.jpg,511,616,1,680
617.jpg,600,617,1,600
618.jpg,862,618,1,600
619.jpg,4281,619,1,5948
620.jpg,713,620,1,1024
621.jpg,350,621,1,350
622.jpg,2155,622,1,3191
623.jpg,533,623,1,800
624.jpg,720,624,1,960
625.jpg,722,625,1,580
626.jpg,350,626,1,350
627.jpg,1132,627,1,1050
628.jpg,300,628,1,244
629.jpg,328,629,1,400
630.jpg,783,630,1,650
631.jpg,435,631,1,608
632.jpg,551,632,1,800
633.jpg,547,633,1,800
634.jpg,400,634,1,600
635.jpg,980,635,1,1620
636.jpg,1173,636,1,1268
637.jpg,800,637,1,544
638.jpg,567,638,1,300
639.jpg,313,639,1,600
640.jpg,496,640,1,662
641.jpg,230,641,1,408
642.jpg,210,642,1,335
643.jpg,823,643,1,550
644.jpg,274,644,1,456
645.jpg,800,645,1,800
646.jpg,362,646,1,500
647.jpg,700,647,1,600
648.jpg,845,648,1,948
649.jpg,461,649,1,600
650.jpg,900,650,1,600
651.jpg,462,651,1,477
652.jpg,533,652,1,800
653.jpg,583,653,1,540
654.jpg,350,654,1,622
655.jpg,530,655,1,750
656.jpg,557,656,1,500
657.jpg,341,657,1,640
658.jpg,638,658,1,600
659.jpg,450,659,1,600
660.jpg,900,660,1,600
661.jpg,302,661,1,400
662.jpg,486,662,1,650
663.jpg,141,663,1,250
664.jpg,415,664,1,580
665.jpg,1298,665,1,868
666.jpg,429,666,1,640
667.jpg,452,667,1,600
668.jpg,519,668,1,425
669.jpg,314,669,1,430
670.jpg,1984,670,1,2000
671.jpg,2425,671,1,3754
672.jpg,519,672,1,594
673.jpg,374,673,1,600
674.jpg,3273,674,1,2204
675.jpg,415,675,1,663
676.jpg,2533,676,1,3500
677.jpg,639,677,1,898
678.jpg,360,678,1,480
679.jpg,575,679,1,400
680.jpg,800,680,1,800
681.jpg,300,681,1,300
682.jpg,2005,682,1,2873
683.jpg,579,683,1,800
684.jpg,428,684,1,600
685.jpg,370,685,1,656
686.jpg,682,686,1,952
687.jpg,443,687,1,650
688.jpg,226,688,1,437
689.jpg,475,689,1,391
690.jpg,969,690,1,1389
691.jpg,800,691,1,800
692.jpg,825,692,1,600
693.jpg,426,693,1,458
694.jpg,510,694,1,445
695.jpg,280,695,1,210
696.jpg,540,696,1,779
697.jpg,598,697,1,742
698.jpg,435,698,1,608
699.jpg,304,699,1,650
700.jpg,341,700,1,640
701.jpg,300,701,1,440
702.jpg,300,702,1,300
703.jpg,402,703,1,591
704.jpg,191,704,1,345
705.jpg,578,705,1,1024
706.jpg,671,706,1,531
707.jpg,993,707,1,960
708.jpg,300,708,1,300
709.jpg,331,709,1,709
710.jpg,388,710,1,535
712.jpg,521,712,1,800
713.jpg,2422,713,1,3432
714.jpg,559,714,1,465
715.jpg,800,715,1,800
716.jpg,380,716,1,280
717.jpg,2365,717,1,3092
718.jpg,882,718,1,932
719.jpg,394,719,1,490
720.jpg,751,720,1,790
721.jpg,907,721,1,640
722.jpg,818,722,1,1080
723.jpg,768,723,1,588
724.jpg,799,724,1,600
725.jpg,450,725,1,553
726.jpg,1136,726,1,800
727.jpg,530,727,1,400
728.jpg,609,728,1,493
729.jpg,600,729,1,437
730.jpg,377,730,1,500
731.jpg,400,731,1,400
732.jpg,283,732,1,425
733.jpg,414,733,1,470
734.jpg,733,734,1,600
735.jpg,846,735,1,624
736.jpg,300,736,1,400
737.jpg,350,737,1,350
738.jpg,220,738,1,313
739.jpg,1506,739,1,1933
740.jpg,512,740,1,451
741.jpg,175,741,1,305
742.jpg,491,742,1,893
743.jpg,300,743,1,300
744.jpg,630,744,1,530
745.jpg,796,745,1,638
746.jpg,440,746,1,449
747.jpg,276,747,1,211
748.jpg,300,748,1,300
749.jpg,529,749,1,760
750.jpg,350,750,1,350
751.jpg,846,751,1,1080
752.jpg,1227,752,1,690
753.jpg,270,753,1,382
754.jpg,822,754,1,1187
755.jpg,374,755,1,400
756.jpg,400,756,1,600
757.jpg,673,757,1,492
758.jpg,586,758,1,403
759.jpg,500,759,1,350
760.jpg,507,760,1,720
761.jpg,374,761,1,542
762.jpg,748,762,1,500
763.jpg,800,763,1,1280
764.jpg,420,764,1,580
765.jpg,552,765,1,800
766.jpg,373,766,1,497
767.jpg,768,767,1,1024
768.jpg,3180,768,1,4338
769.jpg,879,769,1,1048
770.jpg,577,770,1,574
771.jpg,400,771,1,650
772.jpg,674,772,1,800
773.jpg,500,773,1,600
774.jpg,722,774,1,547
775.jpg,438,775,1,346
776.jpg,689,776,1,500
777.jpg,317,777,1,400
778.jpg,941,778,1,720
779.jpg,610,779,1,610
780.jpg,487,780,1,545
781.jpg,604,781,1,925
782.jpg,451,782,1,640
783.jpg,450,783,1,600
784.jpg,272,784,1,448
785.jpg,185,785,1,220
786.jpg,387,786,1,477
787.jpg,596,787,1,670
788.jpg,312,788,1,500
789.jpg,434,789,1,608
790.jpg,600,790,1,432
791.jpg,400,791,1,400
792.jpg,90,792,1,120
793.jpg,432,793,1,540
794.jpg,800,794,1,800
795.jpg,443,795,1,600
796.jpg,1125,796,1,769
797.jpg,300,797,1,260
798.jpg,300,798,1,318
799.jpg,400,799,1,600
800.jpg,1010,800,1,640
801.jpg,344,801,1,540
802.jpg,334,802,1,600
803.jpg,509,803,1,843
804.jpg,449,804,1,672
805.jpg,360,805,1,640
806.jpg,768,806,1,1024
807.jpg,394,807,1,580
808.jpg,1046,808,1,1600
809.jpg,419,809,1,660
810.jpg,360,810,1,480
811.jpg,474,811,1,665
812.jpg,357,812,1,700
813.jpg,327,813,1,490
814.jpg,510,814,1,954
815.jpg,640,815,1,960
816.jpg,1040,816,1,1040
817.jpg,350,817,1,500
818.jpg,1574,818,1,1430
819.jpg,1009,819,1,650
820.jpg,500,820,1,666
821.jpg,427,821,1,850
822.jpg,357,822,1,700
823.jpg,410,823,1,768
824.jpg,366,824,1,700
825.jpg,432,825,1,756
826.jpg,380,826,1,500
827.jpg,479,827,1,638
828.jpg,269,828,1,190
829.jpg,836,829,1,850
830.jpg,720,830,1,921
831.jpg,374,831,1,666
832.jpg,486,832,1,800
833.jpg,300,833,1,400
834.jpg,360,834,1,640
835.jpg,675,835,1,1200
836.jpg,522,836,1,1188
837.jpg,418,837,1,550
838.jpg,2339,838,1,1654
839.jpg,459,839,1,518
840.jpg,494,840,1,748
841.jpg,400,841,1,600
842.jpg,362,842,1,644
843.jpg,1034,843,1,1213
844.jpg,288,844,1,400
845.jpg,630,845,1,1200
846.jpg,436,846,1,728
847.jpg,360,847,1,640
848.jpg,486,848,1,820
849.jpg,450,849,1,766
850.jpg,520,850,1,780
851.jpg,4042,851,1,4171
852.jpg,293,852,1,270
853.jpg,391,853,1,500
854.jpg,771,854,1,1024
855.jpg,360,855,1,480
856.jpg,300,856,1,500
857.jpg,640,857,1,960
858.jpg,800,858,1,1200
859.jpg,927,859,1,660
860.jpg,836,860,1,850
861.jpg,457,861,1,648
862.jpg,713,862,1,950
863.jpg,575,863,1,1023
864.jpg,288,864,1,400
865.jpg,578,865,1,1024
866.jpg,512,866,1,660
867.jpg,459,867,1,633
868.jpg,549,868,1,600
869.jpg,1216,869,1,1200
870.jpg,370,870,1,660
871.jpg,742,871,1,660
872.jpg,633,872,1,950
873.jpg,630,873,1,1200
874.jpg,742,874,1,660
875.jpg,1216,875,1,1200
876.jpg,238,876,1,480
877.jpg,397,877,1,610
878.jpg,543,878,1,700
879.jpg,578,879,1,1024
880.jpg,371,880,1,660
881.jpg,363,881,1,459
882.jpg,578,882,1,1024
883.jpg,2339,883,1,1654
884.jpg,334,884,1,600
885.jpg,300,885,1,500
886.jpg,360,886,1,640
887.jpg,826,887,1,600
888.jpg,350,888,1,500
889.jpg,578,889,1,1024
890.jpg,371,890,1,660
891.jpg,371,891,1,660
892.jpg,236,892,1,595
893.jpg,311,893,1,450
894.jpg,360,894,1,640
895.jpg,660,895,1,660
896.jpg,2588,896,1,3617
897.jpg,768,897,1,1024
898.jpg,562,898,1,640
899.jpg,300,899,1,500
900.jpg,486,900,1,820
901.jpg,285,901,1,220
902.jpg,341,902,1,504
903.jpg,328,903,1,500
904.jpg,720,904,1,1280
905.jpg,360,905,1,640
906.jpg,1011,906,1,708
907.jpg,720,907,1,1280
908.jpg,351,908,1,500
909.jpg,235,909,1,324
910.jpg,517,910,1,640
911.jpg,660,911,1,660
912.jpg,3780,912,1,6720
913.jpg,180,913,1,250
914.jpg,437,914,1,660
915.jpg,253,915,1,383
916.jpg,450,916,1,615
917.jpg,1129,917,1,800
918.jpg,292,918,1,419
919.jpg,293,919,1,270
920.jpg,826,920,1,680
921.jpg,457,921,1,900
922.jpg,531,922,1,1024
923.jpg,364,923,1,634
924.jpg,400,924,1,600
925.jpg,838,925,1,640
926.jpg,297,926,1,490
927.jpg,180,927,1,300
928.jpg,405,928,1,720
929.jpg,418,929,1,550
930.jpg,319,930,1,640
931.jpg,520,931,1,672
932.jpg,640,932,1,960
933.jpg,1780,933,1,1584
934.jpg,490,934,1,653
935.jpg,2048,935,1,1536
936.jpg,503,936,1,728
937.jpg,800,937,1,633
938.jpg,368,938,1,490
939.jpg,584,939,1,701
940.jpg,439,940,1,660
941.jpg,390,941,1,650
942.jpg,180,942,1,300
943.jpg,900,943,1,1600
944.jpg,512,944,1,660
945.jpg,398,945,1,600
946.jpg,720,946,1,960
947.jpg,720,947,1,1280
948.jpg,1034,948,1,1213
949.jpg,676,949,1,857
950.jpg,771,950,1,1024
951.jpg,374,951,1,666
952.jpg,495,952,1,660
953.jpg,500,953,1,700
954.jpg,360,954,1,640
955.jpg,203,955,1,360
956.jpg,617,956,1,480
957.jpg,800,957,1,633
958.jpg,183,958,1,250
959.jpg,2246,959,1,3500
960.jpg,578,960,1,1024
961.jpg,360,961,1,640
962.jpg,3380,962,1,2529
963.jpg,453,963,1,1347
964.jpg,578,964,1,1024
965.jpg,403,965,1,616
966.jpg,360,966,1,640
967.jpg,1126,967,1,2456
968.jpg,270,968,1,350
969.jpg,683,969,1,1024
970.jpg,474,970,1,665
971.jpg,927,971,1,660
972.jpg,435,972,1,580
973.jpg,800,973,1,1200
974.jpg,438,974,1,780
975.jpg,1600,975,1,1209
976.jpg,723,976,1,1600
977.jpg,1040,977,1,1040
978.jpg,290,978,1,300
979.jpg,876,979,1,1280
980.jpg,312,980,1,500
981.jpg,575,981,1,1023
982.jpg,490,982,1,653
983.jpg,300,983,1,400
984.jpg,2476,984,1,3780
985.jpg,1356,985,1,1920
986.jpg,227,986,1,340
987.jpg,431,987,1,703
988.jpg,351,988,1,500
989.jpg,408,989,1,680
990.jpg,519,990,1,997
991.jpg,2952,991,1,4224
992.jpg,600,992,1,600
993.jpg,457,993,1,648
994.jpg,354,994,1,400
995.jpg,624,995,1,1200
996.jpg,1962,996,1,3774
997.jpg,533,997,1,660
998.jpg,297,998,1,490
999.jpg,203,999,1,360
1000.jpg,349,1000,1,620
1001.jpg,539,1001,1,960
1002.jpg,524,1002,1,707
1003.jpg,826,1003,1,680
1004.jpg,300,1004,1,400
1005.jpg,800,1005,1,1200
1006.jpg,768,1006,1,1024
1007.jpg,550,1007,1,800
1008.jpg,800,1008,1,1200
1009.jpg,575,1009,1,1023
1010.jpg,541,1010,1,1000
1011.jpg,1574,1011,1,1430
1012.jpg,480,1012,1,640
1013.jpg,713,1013,1,950
1014.jpg,525,1014,1,700
1015.jpg,426,1015,1,640
1016.jpg,435,1016,1,580
1017.jpg,337,1017,1,500
1018.jpg,617,1018,1,480
1019.jpg,1010,1019,1,640
1020.jpg,563,1020,1,493
1021.jpg,640,1021,1,960
1022.jpg,372,1022,1,620
1023.jpg,667,1023,1,1000
1024.jpg,366,1024,1,700
1025.jpg,478,1025,1,720
1026.jpg,491,1026,1,600
1027.jpg,225,1027,1,300
1028.jpg,281,1028,1,375
1029.jpg,877,1029,1,1300
1030.jpg,443,1030,1,865
1031.jpg,720,1031,1,911
1032.jpg,828,1032,1,850
1033.jpg,1600,1033,1,1036
1034.jpg,1132,1034,1,800
1035.jpg,758,1035,1,1010
1036.jpg,230,1036,1,408
1037.jpg,713,1037,1,1080
1038.jpg,453,1038,1,680
1039.jpg,377,1039,1,640
1040.jpg,467,1040,1,700
1041.jpg,360,1041,1,640
1042.jpg,948,1042,1,1100
1043.jpg,281,1043,1,375
1044.jpg,394,1044,1,700
1045.jpg,437,1045,1,656
1046.jpg,1125,1046,1,785
1047.jpg,451,1047,1,896
1048.jpg,554,1048,1,850
1049.jpg,334,1049,1,366
1050.jpg,668,1050,1,890
1051.jpg,960,1051,1,1280
1052.jpg,404,1052,1,380
1053.jpg,185,1053,1,325
1054.jpg,180,1054,1,240
1055.jpg,180,1055,1,240
1056.jpg,1362,1056,1,1300
1057.jpg,270,1057,1,350
1058.jpg,375,1058,1,500
1059.jpg,768,1059,1,1024
1060.jpg,180,1060,1,240
1061.jpg,637,1061,1,469
1062.jpg,300,1062,1,400
1063.jpg,300,1063,1,400
1064.jpg,486,1064,1,730
1065.jpg,515,1065,1,1280
1066.jpg,481,1066,1,824
1067.jpg,300,1067,1,300
1068.jpg,450,1068,1,630
1069.jpg,1352,1069,1,1128
1070.jpg,467,1070,1,700
1071.jpg,1615,1071,1,1280
1072.jpg,879,1072,1,750
1073.jpg,380,1073,1,600
1074.jpg,735,1074,1,980
1075.jpg,639,1075,1,969
1076.jpg,244,1076,1,427
1077.jpg,359,1077,1,500
1078.jpg,304,1078,1,474
1079.jpg,1440,1079,1,900
1080.jpg,758,1080,1,1010
1081.jpg,500,1081,1,750
1082.jpg,424,1082,1,600
1083.jpg,514,1083,1,722
1084.jpg,646,1084,1,1000
1085.jpg,503,1085,1,1024
1086.jpg,480,1086,1,609
1087.jpg,338,1087,1,600
1088.jpg,576,1088,1,800
1089.jpg,533,1089,1,800
1090.jpg,358,1090,1,599
1091.jpg,337,1091,1,600
1092.jpg,100,1092,1,132
1093.jpg,180,1093,1,240
1094.jpg,709,1094,1,912
1095.jpg,458,1095,1,638
1096.jpg,236,1096,1,298
1097.jpg,538,1097,1,750
1098.jpg,100,1098,1,134
1099.jpg,394,1099,1,700
1100.jpg,501,1100,1,800
1101.jpg,280,1101,1,420
1102.jpg,395,1102,1,600
1103.jpg,375,1103,1,500
1104.jpg,180,1104,1,240
1105.jpg,180,1105,1,240
1106.jpg,1257,1106,1,1073
1107.jpg,768,1107,1,1152
1108.jpg,503,1108,1,362
1109.jpg,329,1109,1,495
1110.jpg,240,1110,1,240
1111.jpg,120,1111,1,200
1112.jpg,363,1112,1,492
1113.jpg,180,1113,1,240
1114.jpg,432,1114,1,576
1115.jpg,418,1115,1,622
1116.jpg,120,1116,1,200
1117.jpg,291,1117,1,490
1118.jpg,512,1118,1,288
1119.jpg,833,1119,1,841
1120.jpg,331,1120,1,450
1121.jpg,338,1121,1,600
1122.jpg,418,1122,1,550
1123.jpg,235,1123,1,330
1124.jpg,533,1124,1,800
1125.jpg,647,1125,1,750
1126.jpg,375,1126,1,500
1127.jpg,1072,1127,1,1600
1128.jpg,787,1128,1,1100
1129.jpg,358,1129,1,1024
1130.jpg,417,1130,1,640
1131.jpg,480,1131,1,600
1132.jpg,533,1132,1,800
1133.jpg,735,1133,1,980
1134.jpg,720,1134,1,960
1135.jpg,329,1135,1,411
1136.jpg,576,1136,1,1024
1137.jpg,1106,1137,1,840
1138.jpg,300,1138,1,400
1139.jpg,443,1139,1,714
1140.jpg,720,1140,1,1280
1141.jpg,398,1141,1,960
1142.jpg,150,1142,1,284
1143.jpg,346,1143,1,500
1144.jpg,300,1144,1,600
1145.jpg,587,1145,1,640
1146.jpg,499,1146,1,280
1147.jpg,394,1147,1,700
1148.jpg,554,1148,1,424
1149.jpg,574,1149,1,725
1150.jpg,550,1150,1,309
1151.jpg,1694,1151,1,806
1152.jpg,378,1152,1,652
1153.jpg,316,1153,1,468
1154.jpg,157,1154,1,320
1155.jpg,400,1155,1,600
1156.jpg,661,1156,1,915
1157.jpg,735,1157,1,980
1158.jpg,560,1158,1,715
1159.jpg,440,1159,1,800
1161.jpg,923,1161,1,1437
1162.jpg,333,1162,1,500
1163.jpg,290,1163,1,600
1164.jpg,720,1164,1,1280
1165.jpg,1038,1165,1,1510
1166.jpg,849,1166,1,1000
1167.jpg,3836,1167,1,640
1168.jpg,445,1168,1,671
1169.jpg,780,1169,1,558
1170.jpg,423,1170,1,600
1171.jpg,720,1171,1,960
1172.jpg,578,1172,1,1024
1173.jpg,400,1173,1,230
1174.jpg,446,1174,1,754
1175.jpg,252,1175,1,448
1176.jpg,431,1176,1,309
1177.jpg,161,1177,1,300
1178.jpg,236,1178,1,639
1179.jpg,732,1179,1,1617
1180.jpg,545,1180,1,540
1181.jpg,750,1181,1,750
1182.jpg,150,1182,1,200
1183.jpg,800,1183,1,800
1184.jpg,768,1184,1,1024
1185.jpg,1115,1185,1,850
1186.jpg,109,1186,1,165
1187.jpg,378,1187,1,630
1188.jpg,394,1188,1,768
1189.jpg,575,1189,1,380
1190.jpg,731,1190,1,1000
1191.jpg,720,1191,1,720
1192.jpg,665,1192,1,475
1193.jpg,480,1193,1,640
1194.jpg,523,1194,1,850
1195.jpg,1588,1195,1,2515
1196.jpg,1854,1196,1,2634
1197.jpg,735,1197,1,1273
1198.jpg,379,1198,1,550
1199.jpg,425,1199,1,400
1200.jpg,656,1200,1,690
1201.jpg,1108,1201,1,1548
1202.jpg,417,1202,1,418
1203.jpg,1043,1203,1,1396
1204.jpg,196,1204,1,196
1205.jpg,720,1205,1,1280
1206.jpg,1340,1206,1,796
1207.jpg,807,1207,1,600
1208.jpg,620,1208,1,930
1209.jpg,331,1209,1,500
1210.jpg,1110,1210,1,800
1211.jpg,600,1211,1,600
1212.jpg,846,1212,1,938
1213.jpg,960,1213,1,755
1214.jpg,672,1214,1,720
1215.jpg,435,1215,1,600
1216.jpg,558,1216,1,699
1217.jpg,506,1217,1,900
1218.jpg,413,1218,1,580
1219.jpg,78,1219,1,120
1220.jpg,600,1220,1,825
1221.jpg,296,1221,1,450
1222.jpg,560,1222,1,794
1223.jpg,245,1223,1,500
1224.jpg,483,1224,1,700
1225.jpg,528,1225,1,750
1226.jpg,554,1226,1,936
1227.jpg,237,1227,1,360
1228.jpg,447,1228,1,550
1229.jpg,1138,1229,1,1600
1230.jpg,500,1230,1,500
1231.jpg,853,1231,1,1280
1232.jpg,600,1232,1,900
1233.jpg,300,1233,1,300
1234.jpg,913,1234,1,1362
1235.jpg,366,1235,1,550
1236.jpg,429,1236,1,644
1237.jpg,1578,1237,1,2472
1238.jpg,433,1238,1,566
1239.jpg,452,1239,1,800
1240.jpg,1005,1240,1,1023
1241.jpg,405,1241,1,720
1242.jpg,383,1242,1,638
1243.jpg,1140,1243,1,1709
1244.jpg,512,1244,1,640
1245.jpg,720,1245,1,1280
1246.jpg,371,1246,1,552
1247.jpg,998,1247,1,1024
1248.jpg,1110,1248,1,800
1249.jpg,550,1249,1,317
1250.jpg,1920,1250,1,1080
1251.jpg,800,1251,1,800
1252.jpg,300,1252,1,300
1253.jpg,472,1253,1,690
1254.jpg,311,1254,1,500
1255.jpg,769,1255,1,621
1256.jpg,4748,1256,1,3419
1257.jpg,450,1257,1,450
1258.jpg,664,1258,1,670
1259.jpg,474,1259,1,600
1260.jpg,300,1260,1,300
1261.jpg,396,1261,1,650
1262.jpg,578,1262,1,1024
1263.jpg,1300,1263,1,1600
1264.jpg,804,1264,1,861
1265.jpg,300,1265,1,300
1266.jpg,418,1266,1,714
1267.jpg,300,1267,1,300
1268.jpg,900,1268,1,1200
1269.jpg,677,1269,1,444
1270.jpg,327,1270,1,500
1271.jpg,504,1271,1,572
1272.jpg,487,1272,1,1080
1273.jpg,1000,1273,1,1500
1274.jpg,619,1274,1,479
1275.jpg,272,1275,1,439
1276.jpg,668,1276,1,543
1277.jpg,1009,1277,1,1118
1278.jpg,720,1278,1,1280
1279.jpg,551,1279,1,750
1280.jpg,758,1280,1,1010
1281.jpg,1024,1281,1,724
1282.jpg,640,1282,1,450
1283.jpg,269,1283,1,500
1284.jpg,640,1284,1,450
1285.jpg,262,1285,1,690
1286.jpg,675,1286,1,1200
1287.jpg,273,1287,1,392
1288.jpg,445,1288,1,640
1289.jpg,720,1289,1,1080
1290.jpg,578,1290,1,1024
1291.jpg,381,1291,1,440
1292.jpg,167,1292,1,215
1293.jpg,720,1293,1,1280
1294.jpg,630,1294,1,838
1295.jpg,1030,1295,1,1514
1296.jpg,758,1296,1,720
1297.jpg,3846,1297,1,3378
1298.jpg,1280,1298,1,960
1299.jpg,384,1299,1,640
1300.jpg,540,1300,1,720
1301.jpg,446,1301,1,904
1302.jpg,249,1302,1,600
1303.jpg,428,1303,1,314
1304.jpg,300,1304,1,300
1305.jpg,1500,1305,1,1081
1306.jpg,491,1306,1,1200
1307.jpg,470,1307,1,746
1308.jpg,647,1308,1,631
1309.jpg,1414,1309,1,964
1310.jpg,224,1310,1,241
1311.jpg,422,1311,1,600
1312.jpg,269,1312,1,390
1313.jpg,200,1313,1,200
1314.jpg,544,1314,1,520
1315.jpg,768,1315,1,1024
1316.jpg,1136,1316,1,640
1317.jpg,334,1317,1,429
1318.jpg,360,1318,1,276
1319.jpg,350,1319,1,350
1320.jpg,560,1320,1,950
1321.jpg,280,1321,1,800
1322.jpg,414,1322,1,624
1323.jpg,1275,1323,1,2108
1324.jpg,1145,1324,1,1396
1325.jpg,550,1325,1,309
1326.jpg,430,1326,1,582
1327.jpg,603,1327,1,600
1328.jpg,1626,1328,1,2109
1329.jpg,405,1329,1,720
1330.jpg,480,1330,1,320
1331.jpg,500,1331,1,383
1332.jpg,960,1332,1,720
1333.jpg,256,1333,1,256
1334.jpg,367,1334,1,640
1335.jpg,581,1335,1,1023
1336.jpg,315,1336,1,560
1337.jpg,735,1337,1,980
1338.jpg,480,1338,1,640
1339.jpg,1576,1339,1,2112
1340.jpg,400,1340,1,370
1341.jpg,500,1341,1,370
1342.jpg,588,1342,1,800
1343.jpg,450,1343,1,359
1344.jpg,493,1344,1,640
1345.jpg,829,1345,1,584
1346.jpg,384,1346,1,566
1347.jpg,256,1347,1,256
1348.jpg,800,1348,1,800
1349.jpg,435,1349,1,640
1350.jpg,369,1350,1,656
1351.jpg,800,1351,1,800
1352.jpg,540,1352,1,960
1353.jpg,539,1353,1,1065
1354.jpg,1132,1354,1,800
1355.jpg,1092,1355,1,800
1356.jpg,502,1356,1,700
1357.jpg,702,1357,1,393
1358.jpg,531,1358,1,640
1359.jpg,204,1359,1,200
1360.jpg,240,1360,1,360
1361.jpg,400,1361,1,400
1362.jpg,439,1362,1,780
1363.jpg,461,1363,1,600
1364.jpg,807,1364,1,700
1365.jpg,351,1365,1,624
1366.jpg,600,1366,1,600
1367.jpg,296,1367,1,497
1368.jpg,512,1368,1,640
1369.jpg,712,1369,1,1003
1370.jpg,2634,1370,1,2033
1371.jpg,720,1371,1,960
1372.jpg,1414,1372,1,964
1373.jpg,1431,1373,1,2339
1374.jpg,346,1374,1,549
1375.jpg,688,1375,1,600
1376.jpg,770,1376,1,1000
1377.jpg,398,1377,1,300
1378.jpg,750,1378,1,750
1379.jpg,350,1379,1,350
1380.jpg,1200,1380,1,849
1381.jpg,2217,1381,1,1417
1382.jpg,400,1382,1,640
1383.jpg,565,1383,1,576
1384.jpg,506,1384,1,800
1385.jpg,1024,1385,1,1015
1386.jpg,1998,1386,1,1536
1387.jpg,2369,1387,1,2341
1388.jpg,360,1388,1,480
1389.jpg,350,1389,1,450
1390.jpg,324,1390,1,500
1391.jpg,884,1391,1,630
1392.jpg,555,1392,1,1024
1393.jpg,350,1393,1,622
1394.jpg,209,1394,1,400
1395.jpg,700,1395,1,1050
1396.jpg,800,1396,1,608
1397.jpg,554,1397,1,800
1398.jpg,354,1398,1,600
1399.jpg,400,1399,1,1956
1400.jpg,588,1400,1,1074
1401.jpg,370,1401,1,644
1402.jpg,600,1402,1,547
1403.jpg,300,1403,1,210
1404.jpg,431,1404,1,640
1405.jpg,397,1405,1,550
1406.jpg,1499,1406,1,1071
1407.jpg,360,1407,1,480
1408.jpg,450,1408,1,600
1409.jpg,365,1409,1,650
1410.jpg,400,1410,1,400
1411.jpg,400,1411,1,600
1412.jpg,362,1412,1,483
1413.jpg,297,1413,1,598
1414.jpg,285,1414,1,320
1415.jpg,470,1415,1,746
1416.jpg,390,1416,1,500
1417.jpg,655,1417,1,980
1418.jpg,436,1418,1,647
1419.jpg,474,1419,1,717
1420.jpg,403,1420,1,624
1421.jpg,720,1421,1,1280
1422.jpg,266,1422,1,400
1423.jpg,443,1423,1,690
1424.jpg,400,1424,1,550
1425.jpg,375,1425,1,500
1426.jpg,533,1426,1,800
1427.jpg,915,1427,1,1584
1428.jpg,599,1428,1,640
1429.jpg,600,1429,1,600
1430.jpg,485,1430,1,643
1431.jpg,600,1431,1,600
1432.jpg,300,1432,1,400
1433.jpg,399,1433,1,563
1434.jpg,1072,1434,1,1532
1435.jpg,768,1435,1,758
1436.jpg,294,1436,1,400
1437.jpg,415,1437,1,483
1438.jpg,180,1438,1,320
1439.jpg,696,1439,1,392
1440.jpg,306,1440,1,425
1441.jpg,800,1441,1,564
1442.jpg,648,1442,1,838
1443.jpg,748,1443,1,518
1444.jpg,434,1444,1,500
1445.jpg,785,1445,1,650
1446.jpg,600,1446,1,819
1447.jpg,555,1447,1,651
1448.jpg,266,1448,1,400
1449.jpg,1107,1449,1,800
1450.jpg,810,1450,1,656
1451.jpg,512,1451,1,288
1452.jpg,800,1452,1,770
1453.jpg,810,1453,1,1296
1454.jpg,196,1454,1,196
1455.jpg,1007,1455,1,1200
1456.jpg,339,1456,1,450
1457.jpg,1280,1457,1,1707
1458.jpg,431,1458,1,640
1459.jpg,160,1459,1,285
1460.jpg,275,1460,1,400
1461.jpg,324,1461,1,495
1462.jpg,350,1462,1,350
1463.jpg,754,1463,1,580
1464.jpg,945,1464,1,1354
1465.jpg,540,1465,1,800
1466.jpg,944,1466,1,1000
1467.jpg,301,1467,1,480
1468.jpg,1123,1468,1,800
1469.jpg,544,1469,1,391
1470.jpg,589,1470,1,600
1471.jpg,698,1471,1,800
1472.jpg,295,1472,1,486
1473.jpg,500,1473,1,800
1474.jpg,800,1474,1,650
1475.jpg,712,1475,1,394
1476.jpg,499,1476,1,357
1477.jpg,2575,1477,1,1500
1478.jpg,1094,1478,1,773
1479.jpg,420,1479,1,591
1480.jpg,241,1480,1,320
1481.jpg,405,1481,1,720
1482.jpg,396,1482,1,500
1483.jpg,415,1483,1,580
1484.jpg,800,1484,1,648
1485.jpg,298,1485,1,500
1486.jpg,300,1486,1,300
1487.jpg,2850,1487,1,4000
1488.jpg,640,1488,1,640
1489.jpg,507,1489,1,1000
1490.jpg,749,1490,1,579
1491.jpg,588,1491,1,438
1492.jpg,480,1492,1,480
1493.jpg,599,1493,1,690
1494.jpg,400,1494,1,600
1495.jpg,522,1495,1,400
1496.jpg,346,1496,1,550
1497.jpg,800,1497,1,524
1498.jpg,2362,1498,1,3307
1499.jpg,555,1499,1,999
1500.jpg,598,1500,1,800
1501.jpg,320,1501,1,320
1502.jpg,610,1502,1,610
1503.jpg,400,1503,1,600
1504.jpg,542,1504,1,664
1505.jpg,333,1505,1,500
1506.jpg,352,1506,1,600
1507.jpg,722,1507,1,510
1508.jpg,453,1508,1,650
1509.jpg,300,1509,1,300
1510.jpg,569,1510,1,752
1511.jpg,331,1511,1,500
1512.jpg,1167,1512,1,1600
1513.jpg,434,1513,1,640
1514.jpg,894,1514,1,1251
1515.jpg,302,1515,1,400
1516.jpg,300,1516,1,375
1517.jpg,415,1517,1,465
1518.jpg,667,1518,1,500
1519.jpg,800,1519,1,800
1520.jpg,600,1520,1,600
1521.jpg,135,1521,1,990
1522.jpg,302,1522,1,400
1523.jpg,822,1523,1,640
1524.jpg,640,1524,1,640
1525.jpg,377,1525,1,640
1526.jpg,675,1526,1,900
1527.jpg,432,1527,1,576
1528.jpg,260,1528,1,174
1529.jpg,342,1529,1,612
1530.jpg,400,1530,1,624
1531.jpg,2190,1531,1,2434
1532.jpg,653,1532,1,645
1533.jpg,306,1533,1,400
1534.jpg,423,1534,1,886
1535.jpg,50,1535,1,300
1536.jpg,97,1536,1,171
1537.jpg,358,1537,1,500
1538.jpg,489,1538,1,870
1539.jpg,1393,1539,1,2335
1540.jpg,220,1540,1,220
1541.jpg,1608,1541,1,1099
1542.jpg,503,1542,1,1200
1543.jpg,90,1543,1,120
1544.jpg,614,1544,1,1024
1545.jpg,885,1545,1,600
1546.jpg,322,1546,1,500
1547.jpg,975,1547,1,1000
1548.jpg,496,1548,1,600
1549.jpg,411,1549,1,580
1550.jpg,950,1550,1,622
1551.jpg,480,1551,1,537
1552.jpg,510,1552,1,934
1553.jpg,574,1553,1,800
1554.jpg,376,1554,1,550
1555.jpg,388,1555,1,600
1556.jpg,450,1556,1,600
1557.jpg,422,1557,1,640
1558.jpg,1920,1558,1,1080
1559.jpg,455,1559,1,682
1560.jpg,558,1560,1,1280
1561.jpg,384,1561,1,384
1562.jpg,630,1562,1,512
1563.jpg,398,1563,1,500
1564.jpg,768,1564,1,1402
1565.jpg,315,1565,1,640
1566.jpg,1231,1566,1,2047
1567.jpg,1245,1567,1,1752
1568.jpg,272,1568,1,200
1569.jpg,350,1569,1,350
1570.jpg,360,1570,1,640
1571.jpg,668,1571,1,650
1572.jpg,526,1572,1,655
1573.jpg,180,1573,1,320
1574.jpg,2496,1574,1,3562
1575.jpg,366,1575,1,550
1576.jpg,716,1576,1,496
1577.jpg,1230,1577,1,1892
1578.jpg,300,1578,1,375
1579.jpg,286,1579,1,400
1580.jpg,442,1580,1,591
1581.jpg,583,1581,1,761
1582.jpg,351,1582,1,641
1583.jpg,658,1583,1,882
1584.jpg,492,1584,1,640
1585.jpg,850,1585,1,600
1586.jpg,380,1586,1,584
1587.jpg,389,1587,1,640
1588.jpg,637,1588,1,790
1589.jpg,335,1589,1,500
1590.jpg,820,1590,1,800
1591.jpg,500,1591,1,500
1592.jpg,388,1592,1,318
1593.jpg,387,1593,1,480
1594.jpg,467,1594,1,640
1595.jpg,1136,1595,1,639
1596.jpg,650,1596,1,262
1597.jpg,435,1597,1,580
1598.jpg,347,1598,1,400
1599.jpg,526,1599,1,741
1600.jpg,390,1600,1,690
1601.jpg,571,1601,1,400
1602.jpg,2575,1602,1,1500
1603.jpg,1129,1603,1,800
1604.jpg,501,1604,1,641
1605.jpg,495,1605,1,600
1606.jpg,3369,1606,1,5000
1607.jpg,750,1607,1,422
1608.jpg,291,1608,1,650
1609.jpg,440,1609,1,628
1610.jpg,399,1610,1,600
1611.jpg,230,1611,1,230
1612.jpg,271,1612,1,531
1613.jpg,350,1613,1,550
1614.jpg,1190,1614,1,900
1615.jpg,379,1615,1,512
1616.jpg,320,1616,1,480
1617.jpg,360,1617,1,640
1618.jpg,783,1618,1,640
1619.jpg,1203,1619,1,850
1620.jpg,524,1620,1,720
1621.jpg,273,1621,1,400
1622.jpg,758,1622,1,1010
1623.jpg,343,1623,1,600
1624.jpg,666,1624,1,1000
1625.jpg,430,1625,1,430
1626.jpg,1195,1626,1,1596
1627.jpg,300,1627,1,300
1628.jpg,443,1628,1,790
1629.jpg,458,1629,1,650
1630.jpg,349,1630,1,620
1631.jpg,300,1631,1,600
1632.jpg,1404,1632,1,993
1633.jpg,310,1633,1,310
1634.jpg,810,1634,1,1080
1635.jpg,574,1635,1,358
1636.jpg,244,1636,1,250
1637.jpg,300,1637,1,300
1638.jpg,550,1638,1,309
1639.jpg,720,1639,1,1280
1640.jpg,472,1640,1,500
1641.jpg,395,1641,1,500
1642.jpg,388,1642,1,800
1643.jpg,450,1643,1,600
1644.jpg,720,1644,1,1293
1645.jpg,360,1645,1,600
1646.jpg,800,1646,1,602
1647.jpg,205,1647,1,729
1648.jpg,450,1648,1,800
1649.jpg,373,1649,1,500
1650.jpg,359,1650,1,600
1651.jpg,600,1651,1,800
1652.jpg,421,1652,1,500
1653.jpg,348,1653,1,480
1654.jpg,442,1654,1,600
1655.jpg,509,1655,1,480
1656.jpg,333,1656,1,500
1657.jpg,349,1657,1,448
1658.jpg,418,1658,1,550
1659.jpg,1200,1659,1,1600
1660.jpg,360,1660,1,982
1661.jpg,789,1661,1,1280
1662.jpg,601,1662,1,438
1663.jpg,395,1663,1,633
1664.jpg,371,1664,1,634
1665.jpg,443,1665,1,600
1666.jpg,216,1666,1,357
1667.jpg,220,1667,1,220
1668.jpg,497,1668,1,371
1669.jpg,480,1669,1,480
1670.jpg,317,1670,1,683
1671.jpg,1126,1671,1,1223
1672.jpg,216,1672,1,453
1673.jpg,826,1673,1,600
1674.jpg,2000,1674,1,2000
1675.jpg,3863,1675,1,2800
1676.jpg,300,1676,1,300
1677.jpg,716,1677,1,670
1678.jpg,244,1678,1,330
1679.jpg,449,1679,1,600
1680.jpg,640,1680,1,640
1681.jpg,810,1681,1,1440
1682.jpg,450,1682,1,600
1683.jpg,454,1683,1,640
1684.jpg,300,1684,1,300
1685.jpg,300,1685,1,300
1686.jpg,351,1686,1,599
1687.jpg,519,1687,1,911
1688.jpg,667,1688,1,1024
1689.jpg,961,1689,1,1920
1690.jpg,714,1690,1,640
1691.jpg,3077,1691,1,4589
1692.jpg,890,1692,1,1425
1693.jpg,400,1693,1,640
1694.jpg,1152,1694,1,2048
1695.jpg,380,1695,1,500
1696.jpg,518,1696,1,690
1697.jpg,750,1697,1,751
1698.jpg,291,1698,1,600
1699.jpg,292,1699,1,400
1700.jpg,661,1700,1,1109
1701.jpg,857,1701,1,600
1702.jpg,901,1702,1,640
1703.jpg,1096,1703,1,1620
1704.jpg,1169,1704,1,733
1705.jpg,663,1705,1,950
1706.jpg,523,1706,1,759
1707.jpg,400,1707,1,475
1708.jpg,420,1708,1,430
1709.jpg,500,1709,1,500
1710.jpg,369,1710,1,656
1711.jpg,343,1711,1,610
1712.jpg,288,1712,1,600
1713.jpg,685,1713,1,1050
1714.jpg,400,1714,1,600
1715.jpg,295,1715,1,640
1716.jpg,390,1716,1,640
1717.jpg,1012,1717,1,650
1718.jpg,584,1718,1,500
1719.jpg,232,1719,1,180
1720.jpg,500,1720,1,500
1721.jpg,349,1721,1,500
1722.jpg,300,1722,1,300
1723.jpg,600,1723,1,452
1724.jpg,255,1724,1,400
1725.jpg,1120,1725,1,1600
1726.jpg,433,1726,1,531
1727.jpg,453,1727,1,640
1728.jpg,369,1728,1,527
1729.jpg,679,1729,1,1016
1730.jpg,830,1730,1,1300
1731.jpg,1350,1731,1,1000
1732.jpg,500,1732,1,900
1733.jpg,901,1733,1,631
1734.jpg,900,1734,1,900
1735.jpg,528,1735,1,740
1736.jpg,1125,1736,1,906
1737.jpg,817,1737,1,750
1738.jpg,491,1738,1,650
1739.jpg,435,1739,1,500
1740.jpg,857,1740,1,1200
1741.jpg,709,1741,1,640
1742.jpg,630,1742,1,1200
1743.jpg,300,1743,1,400
1744.jpg,266,1744,1,550
1745.jpg,476,1745,1,584
1746.jpg,336,1746,1,458
1747.jpg,536,1747,1,376
1748.jpg,309,1748,1,300
1749.jpg,996,1749,1,1244
1750.jpg,424,1750,1,268
1751.jpg,220,1751,1,209
1752.jpg,556,1752,1,773
1753.jpg,300,1753,1,300
1754.jpg,200,1754,1,300
1755.jpg,954,1755,1,720
1756.jpg,420,1756,1,560
1757.jpg,365,1757,1,650
1758.jpg,578,1758,1,1024
1759.jpg,354,1759,1,450
1760.jpg,530,1760,1,640
1761.jpg,1217,1761,1,1300
1762.jpg,697,1762,1,640
1763.jpg,900,1763,1,900
1764.jpg,613,1764,1,1000
1765.jpg,384,1765,1,640
1766.jpg,408,1766,1,478
1767.jpg,533,1767,1,800
1768.jpg,750,1768,1,750
1769.jpg,620,1769,1,826
1770.jpg,436,1770,1,635
1771.jpg,846,1771,1,750
1772.jpg,600,1772,1,600
1773.jpg,285,1773,1,484
1774.jpg,402,1774,1,500
1775.jpg,386,1775,1,690
1776.jpg,392,1776,1,700
1777.jpg,230,1777,1,408
1778.jpg,487,1778,1,404
1779.jpg,453,1779,1,720
1780.jpg,1920,1780,1,1080
1781.jpg,464,1781,1,450
1782.jpg,415,1782,1,580
1783.jpg,576,1783,1,1024
1784.jpg,800,1784,1,618
1785.jpg,700,1785,1,1050
1786.jpg,1054,1786,1,1214
1787.jpg,521,1787,1,834
1788.jpg,416,1788,1,594
1789.jpg,400,1789,1,600
1790.jpg,381,1790,1,514
1791.jpg,1167,1791,1,1600
1792.jpg,475,1792,1,635
1793.jpg,395,1793,1,553
1794.jpg,480,1794,1,640
1795.jpg,284,1795,1,504
1796.jpg,404,1796,1,600
1797.jpg,480,1797,1,640
1798.jpg,619,1798,1,505
1799.jpg,580,1799,1,649
1800.jpg,720,1800,1,1280
1801.jpg,434,1801,1,608
1802.jpg,499,1802,1,347
1803.jpg,394,1803,1,700
1804.jpg,531,1804,1,500
1805.jpg,402,1805,1,297
1806.jpg,467,1806,1,826
1807.jpg,390,1807,1,550
1808.jpg,518,1808,1,640
1809.jpg,576,1809,1,950
1810.jpg,500,1810,1,280
1811.jpg,300,1811,1,300
1812.jpg,411,1812,1,500
1813.jpg,246,1813,1,432
1814.jpg,562,1814,1,800
1815.jpg,650,1815,1,650
1816.jpg,800,1816,1,800
1817.jpg,1014,1817,1,640
1818.jpg,220,1818,1,220
1819.jpg,997,1819,1,1200
1820.jpg,494,1820,1,700
1821.jpg,727,1821,1,558
1822.jpg,841,1822,1,1300
1823.jpg,1515,1823,1,750
1824.jpg,400,1824,1,600
1825.jpg,353,1825,1,500
1826.jpg,1188,1826,1,770
1827.jpg,195,1827,1,260
1828.jpg,375,1828,1,500
1829.jpg,1354,1829,1,2000
1830.jpg,399,1830,1,581
1831.jpg,678,1831,1,595
1832.jpg,369,1832,1,524
1833.jpg,1129,1833,1,850
1834.jpg,745,1834,1,1264
1835.jpg,400,1835,1,600
1836.jpg,200,1836,1,704
1837.jpg,720,1837,1,1280
1838.jpg,364,1838,1,500
1839.jpg,373,1839,1,550
1840.jpg,272,1840,1,198
1841.jpg,425,1841,1,640
1842.jpg,426,1842,1,900
1843.jpg,499,1843,1,302
1844.jpg,388,1844,1,690
1845.jpg,219,1845,1,300
1846.jpg,681,1846,1,468
1847.jpg,344,1847,1,527
1848.jpg,450,1848,1,600
1849.jpg,372,1849,1,900
1850.jpg,293,1850,1,400
1851.jpg,1009,1851,1,1118
1852.jpg,840,1852,1,672
1853.jpg,200,1853,1,300
1854.jpg,1000,1854,1,1000
1855.jpg,351,1855,1,500
1856.jpg,400,1856,1,600
1857.jpg,1011,1857,1,1500
1858.jpg,371,1858,1,640
1859.jpg,437,1859,1,545
1860.jpg,300,1860,1,300
1861.jpg,580,1861,1,800
1862.jpg,800,1862,1,431
1863.jpg,750,1863,1,750
1865.jpg,196,1865,1,196
1866.jpg,360,1866,1,480
1867.jpg,2306,1867,1,800
1868.jpg,425,1868,1,640
1869.jpg,340,1869,1,640
1870.jpg,548,1870,1,1000
1871.jpg,468,1871,1,640
1872.jpg,2415,1872,1,980
1873.jpg,233,1873,1,303
1874.jpg,438,1874,1,448
1875.jpg,2016,1875,1,3024
1876.jpg,300,1876,1,300
1877.jpg,287,1877,1,510
1878.jpg,1183,1878,1,800
1879.jpg,619,1879,1,600
1880.jpg,2100,1880,1,2969
1881.jpg,1404,1881,1,993
1882.jpg,434,1882,1,596
1883.jpg,6336,1883,1,800
1884.jpg,90,1884,1,120
1885.jpg,1080,1885,1,1440
1886.jpg,600,1886,1,600
1887.jpg,435,1887,1,608
1888.jpg,230,1888,1,408
1889.jpg,421,1889,1,800
1890.jpg,191,1890,1,345
1891.jpg,300,1891,1,533
1892.jpg,620,1892,1,745
1893.jpg,1360,1893,1,870
1894.jpg,421,1894,1,500
1895.jpg,418,1895,1,300
1896.jpg,600,1896,1,600
1897.jpg,334,1897,1,490
1898.jpg,450,1898,1,252
1899.jpg,406,1899,1,835
1900.jpg,450,1900,1,800
1901.jpg,243,1901,1,550
1902.jpg,900,1902,1,810
1903.jpg,291,1903,1,350
1904.jpg,597,1904,1,1000
1905.jpg,730,1905,1,1133
1906.jpg,640,1906,1,800
1907.jpg,569,1907,1,400
1908.jpg,414,1908,1,640
1909.jpg,974,1909,1,905
1910.jpg,960,1910,1,1080
1911.jpg,300,1911,1,535
1912.jpg,418,1912,1,503
1913.jpg,434,1913,1,656
1914.jpg,600,1914,1,430
1915.jpg,360,1915,1,640
1916.jpg,376,1916,1,676
1917.jpg,526,1917,1,1024
1918.jpg,391,1918,1,559
1919.jpg,800,1919,1,603
1920.jpg,613,1920,1,563
1921.jpg,1594,1921,1,819
1922.jpg,554,1922,1,680
1923.jpg,350,1923,1,350
1924.jpg,503,1924,1,1000
1925.jpg,829,1925,1,640
1926.jpg,720,1926,1,1280
1927.jpg,801,1927,1,580
1928.jpg,559,1928,1,522
1929.jpg,384,1929,1,490
1930.jpg,364,1930,1,640
1931.jpg,312,1931,1,534
1932.jpg,429,1932,1,656
1933.jpg,408,1933,1,550
1934.jpg,394,1934,1,615
1935.jpg,350,1935,1,350
1936.jpg,438,1936,1,642
1937.jpg,476,1937,1,554
1938.jpg,263,1938,1,450
1939.jpg,90,1939,1,120
1940.jpg,194,1940,1,193
1941.jpg,2017,1941,1,2870
1942.jpg,2430,1942,1,3387
1943.jpg,410,1943,1,500
1944.jpg,735,1944,1,980
1945.jpg,362,1945,1,640
1946.jpg,312,1946,1,600
1947.jpg,800,1947,1,800
1948.jpg,500,1948,1,500
1949.jpg,287,1949,1,510
1950.jpg,1600,1950,1,1200
1951.jpg,284,1951,1,420
1952.jpg,335,1952,1,500
1953.jpg,758,1953,1,720
1954.jpg,291,1954,1,350
1955.jpg,800,1955,1,1480
1956.jpg,984,1956,1,975
1957.jpg,401,1957,1,581
1958.jpg,350,1958,1,350
1959.jpg,583,1959,1,750
1960.jpg,423,1960,1,315
1961.jpg,735,1961,1,543
1962.jpg,575,1962,1,377
1963.jpg,300,1963,1,400
1964.jpg,357,1964,1,554
1965.jpg,300,1965,1,413
1966.jpg,750,1966,1,750
1967.jpg,408,1967,1,500
1969.jpg,457,1969,1,610
1970.jpg,273,1970,1,469
1971.jpg,504,1971,1,589
1972.jpg,1039,1972,1,676
1973.jpg,356,1973,1,408
1974.jpg,482,1974,1,720
1975.jpg,300,1975,1,640
1976.jpg,378,1976,1,630
1977.jpg,300,1977,1,218
1978.jpg,510,1978,1,501
1979.jpg,309,1979,1,550
1980.jpg,720,1980,1,1280
1981.jpg,2121,1981,1,3000
1982.jpg,800,1982,1,800
1983.jpg,336,1983,1,600
1984.jpg,1930,1984,1,1500
1985.jpg,400,1985,1,400
1986.jpg,453,1986,1,604
1987.jpg,360,1987,1,480
1988.jpg,658,1988,1,640
1989.jpg,219,1989,1,400
1990.jpg,467,1990,1,553
1991.jpg,800,1991,1,800
1992.jpg,406,1992,1,720
1993.jpg,196,1993,1,196
1994.jpg,262,1994,1,300
1995.jpg,544,1995,1,800
1996.jpg,420,1996,1,640
1997.jpg,400,1997,1,600
1998.jpg,800,1998,1,800
1999.jpg,480,1999,1,640
2000.jpg,548,2000,1,800
2001.jpg,317,2001,1,450
2002.jpg,1124,2002,1,850
2003.jpg,300,2003,1,440
2004.jpg,720,2004,1,1280
2005.jpg,929,2005,1,900
2006.jpg,1833,2006,1,1308
2007.jpg,349,2007,1,500
2008.jpg,856,2008,1,1920
2009.jpg,300,2009,1,650
2010.jpg,410,2010,1,600
2011.jpg,759,2011,1,732
2012.jpg,1005,2012,1,2031
2013.jpg,768,2013,1,576
2014.jpg,534,2014,1,800
2015.jpg,750,2015,1,750
2016.jpg,1200,2016,1,1358
2017.jpg,771,2017,1,1000
2018.jpg,311,2018,1,468
2019.jpg,473,2019,1,652
2020.jpg,474,2020,1,900
2021.jpg,891,2021,1,650
2022.jpg,800,2022,1,800
2023.jpg,468,2023,1,620
2024.jpg,488,2024,1,720
2025.jpg,428,2025,1,500
2026.jpg,666,2026,1,400
2027.jpg,196,2027,1,196
2028.jpg,387,2028,1,608
2029.jpg,528,2029,1,714
2030.jpg,600,2030,1,600
2031.jpg,250,2031,1,300
2032.jpg,800,2032,1,524
2033.jpg,422,2033,1,630
2034.jpg,754,2034,1,550
2035.jpg,196,2035,1,196
2036.jpg,576,2036,1,1024
2037.jpg,551,2037,1,754
2038.jpg,250,2038,1,500
2039.jpg,312,2039,1,500
2040.jpg,350,2040,1,350
2041.jpg,332,2041,1,500
2042.jpg,320,2042,1,480
2043.jpg,380,2043,1,600
2044.jpg,1109,2044,1,783
2045.jpg,2448,2045,1,3264
2046.jpg,418,2046,1,400
2047.jpg,729,2047,1,1024
2048.jpg,240,2048,1,298
2049.jpg,397,2049,1,600
2050.jpg,200,2050,1,300
2051.jpg,273,2051,1,410
2052.jpg,494,2052,1,559
2053.jpg,337,2053,1,400
2054.jpg,2792,2054,1,850
2055.jpg,225,2055,1,300
2056.jpg,500,2056,1,650
2057.jpg,540,2057,1,664
2058.jpg,4167,2058,1,2817
2059.jpg,549,2059,1,640
2060.jpg,249,2060,1,554
2061.jpg,720,2061,1,1280
2062.jpg,345,2062,1,500
2063.jpg,351,2063,1,624
2064.jpg,990,2064,1,700
2065.jpg,853,2065,1,640
2066.jpg,550,2066,1,600
2067.jpg,626,2067,1,626
2068.jpg,1920,2068,1,1920
2069.jpg,270,2069,1,270
2070.jpg,192,2070,1,400
2071.jpg,600,2071,1,500
2072.jpg,430,2072,1,559
2073.jpg,1032,2073,1,580
2074.jpg,827,2074,1,640
2075.jpg,825,2075,1,700
2076.jpg,1168,2076,1,800
2077.jpg,578,2077,1,1024
2078.jpg,678,2078,1,900
2079.jpg,730,2079,1,500
2080.jpg,180,2080,1,180
2081.jpg,709,2081,1,650
2082.jpg,1200,2082,1,1600
2083.jpg,450,2083,1,900
2084.jpg,266,2084,1,400
2085.jpg,1738,2085,1,850
2086.jpg,789,2086,1,550
2087.jpg,334,2087,1,500
2088.jpg,687,2088,1,500
2089.jpg,564,2089,1,406
2090.jpg,300,2090,1,800
2091.jpg,366,2091,1,650
2092.jpg,393,2092,1,650
2093.jpg,750,2093,1,497
2094.jpg,196,2094,1,196
2095.jpg,299,2095,1,350
2096.jpg,1072,2096,1,1600
2097.jpg,800,2097,1,800
2098.jpg,427,2098,1,240
2099.jpg,2024,2099,1,2876
2100.jpg,439,2100,1,639
2101.jpg,2248,2101,1,3000
2102.jpg,605,2102,1,1153
2103.jpg,300,2103,1,375
2104.jpg,196,2104,1,196
2105.jpg,338,2105,1,600
2106.jpg,1159,2106,1,789
2107.jpg,527,2107,1,500
2108.jpg,300,2108,1,500
2109.jpg,1123,2109,1,1587
2110.jpg,300,2110,1,300
2111.jpg,1404,2111,1,993
2112.jpg,281,2112,1,500
2113.jpg,637,2113,1,751
2114.jpg,330,2114,1,499
2115.jpg,787,2115,1,797
2116.jpg,648,2116,1,2500
2117.jpg,694,2117,1,499
2118.jpg,576,2118,1,1080
2119.jpg,505,2119,1,371
2120.jpg,958,2120,1,1366
2121.jpg,500,2121,1,500
2122.jpg,332,2122,1,495
2123.jpg,900,2123,1,647
2124.jpg,638,2124,1,629
2125.jpg,423,2125,1,700
2126.jpg,842,2126,1,1191
2127.jpg,609,2127,1,1211
2128.jpg,559,2128,1,993
2129.jpg,475,2129,1,300
2130.jpg,200,2130,1,400
2131.jpg,820,2131,1,774
2132.jpg,600,2132,1,800
2133.jpg,840,2133,1,1024
2134.jpg,596,2134,1,750
2135.jpg,1334,2135,1,750
2136.jpg,1374,2136,1,2194
2137.jpg,387,2137,1,574
2138.jpg,460,2138,1,720
2139.jpg,184,2139,1,268
2140.jpg,590,2140,1,1024
2142.jpg,500,2142,1,500
2143.jpg,700,2143,1,700
2144.jpg,737,2144,1,786
2145.jpg,660,2145,1,990
2146.jpg,577,2146,1,960
2147.jpg,341,2147,1,450
2148.jpg,506,2148,1,800
2149.jpg,191,2149,1,345
2150.jpg,300,2150,1,300
2151.jpg,1000,2151,1,2000
2152.jpg,463,2152,1,956
2153.jpg,526,2153,1,1024
2154.jpg,307,2154,1,558
2155.jpg,394,2155,1,700
2156.jpg,409,2156,1,470
2157.jpg,720,2157,1,720
2158.jpg,315,2158,1,640
2159.jpg,722,2159,1,640
2160.jpg,720,2160,1,960
2161.jpg,1021,2161,1,689
2162.jpg,720,2162,1,1280
2163.jpg,1132,2163,1,800
2164.jpg,784,2164,1,717
2165.jpg,768,2165,1,1011
2166.jpg,460,2166,1,650
2167.jpg,300,2167,1,546
2168.jpg,1116,2168,1,850
2169.jpg,800,2169,1,438
2170.jpg,650,2170,1,950
2171.jpg,306,2171,1,640
2172.jpg,571,2172,1,656
2173.jpg,735,2173,1,980
2174.jpg,1167,2174,1,1600
2175.jpg,1977,2175,1,1400
2176.jpg,399,2176,1,475
2177.jpg,800,2177,1,600
2178.jpg,1065,2178,1,1600
2179.jpg,1282,2179,1,1920
2180.jpg,1000,2180,1,1000
2181.jpg,256,2181,1,256
2182.jpg,846,2182,1,1024
2183.jpg,350,2183,1,350
2184.jpg,420,2184,1,550
2185.jpg,360,2185,1,640
2186.jpg,450,2186,1,600
2187.jpg,481,2187,1,600
2188.jpg,1080,2188,1,1920
2189.jpg,405,2189,1,720
2190.jpg,1600,2190,1,1200
2191.jpg,392,2191,1,650
2192.jpg,485,2192,1,587
2193.jpg,456,2193,1,820
2194.jpg,385,2194,1,600
2195.jpg,397,2195,1,800
2196.jpg,446,2196,1,640
2197.jpg,456,2197,1,600
2198.jpg,957,2198,1,640
2199.jpg,404,2199,1,720
2200.jpg,709,2200,1,650
2201.jpg,318,2201,1,480
2202.jpg,405,2202,1,475
2203.jpg,393,2203,1,600
2204.jpg,528,2204,1,452
2205.jpg,1916,2205,1,1739
2206.jpg,786,2206,1,786
2207.jpg,804,2207,1,540
2208.jpg,1931,2208,1,2992
2209.jpg,540,2209,1,960
2210.jpg,2711,2210,1,3858
2211.jpg,927,2211,1,1024
2212.jpg,420,2212,1,560
2213.jpg,404,2213,1,600
2214.jpg,2096,2214,1,3149
2215.jpg,361,2215,1,640
2216.jpg,393,2216,1,600
2217.jpg,550,2217,1,350
2218.jpg,589,2218,1,900
2219.jpg,778,2219,1,1024
2220.jpg,724,2220,1,1214
2221.jpg,400,2221,1,400
2222.jpg,758,2222,1,1010
2223.jpg,500,2223,1,347
2224.jpg,943,2224,1,1498
2225.jpg,371,2225,1,660
2226.jpg,758,2226,1,1010
2227.jpg,399,2227,1,600
2228.jpg,713,2228,1,969
2229.jpg,400,2229,1,600
2230.jpg,426,2230,1,640
2231.jpg,659,2231,1,700
2232.jpg,450,2232,1,800
2233.jpg,360,2233,1,499
2234.jpg,730,2234,1,755
2235.jpg,230,2235,1,408
2236.jpg,659,2236,1,1287
2237.jpg,400,2237,1,600
2238.jpg,511,2238,1,690
2239.jpg,360,2239,1,480
2240.jpg,399,2240,1,550
2241.jpg,1072,2241,1,1532
2242.jpg,385,2242,1,656
2243.jpg,495,2243,1,990
2244.jpg,389,2244,1,600
2245.jpg,308,2245,1,640
2246.jpg,1102,2246,1,800
2247.jpg,587,2247,1,580
2248.jpg,350,2248,1,350
2249.jpg,373,2249,1,560
2250.jpg,689,2250,1,639
2251.jpg,951,2251,1,1897
2252.jpg,371,2252,1,640
2253.jpg,1280,2253,1,720
2254.jpg,359,2254,1,541
2255.jpg,800,2255,1,800
2256.jpg,679,2256,1,960
2257.jpg,393,2257,1,450
2258.jpg,720,2258,1,720
2259.jpg,445,2259,1,700
2260.jpg,402,2260,1,600
2261.jpg,280,2261,1,500
2262.jpg,414,2262,1,800
2263.jpg,400,2263,1,600
2264.jpg,1353,2264,1,1000
2265.jpg,399,2265,1,600
2266.jpg,457,2266,1,500
2267.jpg,270,2267,1,400
2268.jpg,2014,2268,1,750
2269.jpg,339,2269,1,450
2270.jpg,720,2270,1,1280
2271.jpg,690,2271,1,500
2272.jpg,2853,2272,1,4254
2273.jpg,721,2273,1,486
2274.jpg,505,2274,1,900
2275.jpg,394,2275,1,750
2276.jpg,621,2276,1,580
2277.jpg,348,2277,1,640
2278.jpg,1484,2278,1,1944
2279.jpg,480,2279,1,640
2280.jpg,704,2280,1,398
2281.jpg,453,2281,1,600
2282.jpg,775,2282,1,532
2283.jpg,652,2283,1,756
2284.jpg,456,2284,1,640
2285.jpg,500,2285,1,500
2286.jpg,747,2286,1,790
2287.jpg,412,2287,1,550
2288.jpg,497,2288,1,600
2289.jpg,544,2289,1,550
2290.jpg,282,2290,1,1042
2291.jpg,470,2291,1,746
2292.jpg,789,2292,1,780
2293.jpg,431,2293,1,650
2294.jpg,252,2294,1,1404
2295.jpg,379,2295,1,500
2296.jpg,884,2296,1,790
2297.jpg,645,2297,1,720
2298.jpg,520,2298,1,314
2299.jpg,520,2299,1,780
2300.jpg,247,2300,1,549
2301.jpg,991,2301,1,700
2302.jpg,720,2302,1,960
2303.jpg,581,2303,1,699
2304.jpg,2220,2304,1,1080
2305.jpg,682,2305,1,1024
2306.jpg,309,2306,1,465
2307.jpg,700,2307,1,700
2308.jpg,927,2308,1,600
2309.jpg,450,2309,1,1200
2310.jpg,336,2310,1,448
2311.jpg,323,2311,1,499
2312.jpg,413,2312,1,640
2313.jpg,196,2313,1,196
2314.jpg,711,2314,1,800
2315.jpg,893,2315,1,640
2316.jpg,437,2316,1,656
2317.jpg,826,2317,1,800
2318.jpg,968,2318,1,600
2319.jpg,655,2319,1,640
2320.jpg,380,2320,1,520
2321.jpg,768,2321,1,1077
2322.jpg,357,2322,1,877
2323.jpg,1225,2323,1,800
2324.jpg,365,2324,1,651
2325.jpg,550,2325,1,550
2326.jpg,432,2326,1,720
2327.jpg,350,2327,1,350
2328.jpg,640,2328,1,640
2329.jpg,428,2329,1,551
2330.jpg,580,2330,1,756
2331.jpg,533,2331,1,538
2332.jpg,280,2332,1,369
2333.jpg,585,2333,1,650
2334.jpg,448,2334,1,640
2335.jpg,352,2335,1,640
2336.jpg,539,2336,1,800
2337.jpg,310,2337,1,464
2338.jpg,427,2338,1,640
2339.jpg,555,2339,1,396
2340.jpg,350,2340,1,350
2341.jpg,386,2341,1,494
2342.jpg,402,2342,1,493
2343.jpg,342,2343,1,800
2344.jpg,700,2344,1,700
2345.jpg,600,2345,1,739
2346.jpg,291,2346,1,511
2347.jpg,542,2347,1,800
2348.jpg,434,2348,1,608
2349.jpg,492,2349,1,656
2350.jpg,1301,2350,1,1200
2351.jpg,560,2351,1,682
2352.jpg,400,2352,1,600
2353.jpg,393,2353,1,590
2354.jpg,1466,2354,1,1519
2355.jpg,512,2355,1,749
2356.jpg,558,2356,1,512
2357.jpg,516,2357,1,960
2358.jpg,960,2358,1,948
2359.jpg,3062,2359,1,3500
2360.jpg,594,2360,1,1001
2361.jpg,3145,2361,1,4693
2362.jpg,320,2362,1,320
2363.jpg,724,2363,1,800
2364.jpg,400,2364,1,668
2365.jpg,500,2365,1,500
2366.jpg,650,2366,1,933
2367.jpg,1417,2367,1,968
2368.jpg,600,2368,1,600
2369.jpg,350,2369,1,350
2370.jpg,143,2370,1,300
2371.jpg,791,2371,1,1024
2372.jpg,800,2372,1,800
2373.jpg,962,2373,1,1210
2374.jpg,414,2374,1,778
2375.jpg,1561,2375,1,1200
2376.jpg,2138,2376,1,4455
2377.jpg,1669,2377,1,600
2378.jpg,541,2378,1,1000
2379.jpg,354,2379,1,601
2380.jpg,380,2380,1,690
2381.jpg,230,2381,1,408
2382.jpg,533,2382,1,800
2383.jpg,375,2383,1,500
2384.jpg,510,2384,1,616
2385.jpg,3359,2385,1,2990
2386.jpg,400,2386,1,835
2387.jpg,800,2387,1,800
2388.jpg,415,2388,1,550
2389.jpg,556,2389,1,622
2390.jpg,750,2390,1,1000
2391.jpg,499,2391,1,352
2392.jpg,470,2392,1,746
2393.jpg,304,2393,1,656
2394.jpg,2575,2394,1,1500
2395.jpg,1920,2395,1,1080
2396.jpg,394,2396,1,550
2397.jpg,1274,2397,1,1708
2398.jpg,1220,2398,1,1090
2399.jpg,600,2399,1,600
2400.jpg,300,2400,1,300
2401.jpg,720,2401,1,1080
2402.jpg,443,2402,1,620
2403.jpg,338,2403,1,600
2404.jpg,536,2404,1,814
2405.jpg,400,2405,1,600
2406.jpg,1504,2406,1,850
2407.jpg,431,2407,1,650
2408.jpg,1917,2408,1,2754
2409.jpg,300,2409,1,300
2410.jpg,300,2410,1,400
2411.jpg,567,2411,1,783
2412.jpg,1134,2412,1,999
2413.jpg,286,2413,1,510
2414.jpg,398,2414,1,550
2415.jpg,547,2415,1,750
2416.jpg,735,2416,1,1070
2417.jpg,724,2417,1,506
2418.jpg,299,2418,1,640
2419.jpg,594,2419,1,800
2420.jpg,384,2420,1,384
2421.jpg,494,2421,1,472
2422.jpg,207,2422,1,600
2423.jpg,544,2423,1,827
2424.jpg,293,2424,1,498
2425.jpg,300,2425,1,300
2426.jpg,371,2426,1,640
2427.jpg,2104,2427,1,2735
2428.jpg,300,2428,1,375
2429.jpg,800,2429,1,800
2430.jpg,527,2430,1,720
2431.jpg,2495,2431,1,3425
2432.jpg,299,2432,1,550
2433.jpg,922,2433,1,900
2434.jpg,559,2434,1,390
2435.jpg,373,2435,1,973
2436.jpg,1162,2436,1,2104
2437.jpg,1400,2437,1,2000
2438.jpg,807,2438,1,1325
2439.jpg,720,2439,1,1280
2440.jpg,1181,2440,1,1141
2441.jpg,446,2441,1,800
2442.jpg,386,2442,1,545
2443.jpg,355,2443,1,370
2445.jpg,350,2445,1,350
2446.jpg,300,2446,1,533
2447.jpg,1461,2447,1,790
2448.jpg,1118,2448,1,800
2449.jpg,356,2449,1,500
2451.jpg,274,2451,1,496
2452.jpg,406,2452,1,443
2453.jpg,600,2453,1,800
2454.jpg,402,2454,1,560
2455.jpg,412,2455,1,550
2456.jpg,878,2456,1,599
2457.jpg,368,2457,1,550
2458.jpg,566,2458,1,850
2459.jpg,691,2459,1,1105
2460.jpg,300,2460,1,500
2461.jpg,338,2461,1,600
2462.jpg,492,2462,1,990
2463.jpg,1395,2463,1,1024
2464.jpg,563,2464,1,750
2465.jpg,780,2465,1,800
2466.jpg,572,2466,1,515
2467.jpg,296,2467,1,400
2468.jpg,210,2468,1,280
2469.jpg,446,2469,1,497
2470.jpg,1200,2470,1,900
2471.jpg,500,2471,1,500
2472.jpg,270,2472,1,990
2473.jpg,400,2473,1,550
2474.jpg,458,2474,1,610
2475.jpg,345,2475,1,500
2476.jpg,474,2476,1,567
2477.jpg,567,2477,1,703
2478.jpg,611,2478,1,800
2479.jpg,394,2479,1,700
2480.jpg,1571,2480,1,1920
2481.jpg,472,2481,1,630
2482.jpg,310,2482,1,310
2483.jpg,360,2483,1,640
2484.jpg,800,2484,1,399
2485.jpg,212,2485,1,276
2486.jpg,492,2486,1,500
2487.jpg,390,2487,1,690
2488.jpg,362,2488,1,600
2489.jpg,549,2489,1,826
2490.jpg,800,2490,1,514
2491.jpg,2335,2491,1,1527
2492.jpg,428,2492,1,600
2493.jpg,406,2493,1,720
2494.jpg,196,2494,1,196
2495.jpg,299,2495,1,627
2496.jpg,384,2496,1,384
2497.jpg,720,2497,1,720
2498.jpg,295,2498,1,500
2499.jpg,609,2499,1,655
2500.jpg,375,2500,1,500
2501.jpg,359,2501,1,640
2502.jpg,680,2502,1,550
2503.jpg,735,2503,1,980
2505.jpg,882,2505,1,1024
2506.jpg,529,2506,1,342
2507.jpg,546,2507,1,612
2508.jpg,518,2508,1,640
2509.jpg,325,2509,1,380
2510.jpg,350,2510,1,350
2511.jpg,400,2511,1,800
2512.jpg,395,2512,1,600
2513.jpg,2000,2513,1,1432
2514.jpg,455,2514,1,800
2515.jpg,750,2515,1,422
2516.jpg,380,2516,1,596
2517.jpg,549,2517,1,800
2518.jpg,329,2518,1,495
2519.jpg,260,2519,1,479
2520.jpg,800,2520,1,487
2521.jpg,900,2521,1,1200
2522.jpg,959,2522,1,600
2523.jpg,171,2523,1,304
2524.jpg,911,2524,1,800
2525.jpg,294,2525,1,410
2526.jpg,613,2526,1,500
2527.jpg,186,2527,1,300
2528.jpg,227,2528,1,357
2529.jpg,578,2529,1,1024
2530.jpg,530,2530,1,800
2531.jpg,433,2531,1,549
2532.jpg,664,2532,1,1242
2533.jpg,389,2533,1,553
2534.jpg,1060,2534,1,1600
2535.jpg,1024,2535,1,1280
2536.jpg,444,2536,1,500
2537.jpg,478,2537,1,650
2538.jpg,711,2538,1,1003
2539.jpg,1404,2539,1,993
2540.jpg,530,2540,1,554
2541.jpg,781,2541,1,945
2543.jpg,316,2543,1,562
2544.jpg,350,2544,1,350
2545.jpg,400,2545,1,600
2546.jpg,400,2546,1,308
2547.jpg,394,2547,1,700
2548.jpg,266,2548,1,380
2549.jpg,1233,2549,1,1300
2550.jpg,427,2550,1,640
2551.jpg,976,2551,1,1200
2552.jpg,460,2552,1,460
2553.jpg,450,2553,1,600
2554.jpg,500,2554,1,500
2555.jpg,485,2555,1,500
2556.jpg,346,2556,1,550
2557.jpg,425,2557,1,352
2558.jpg,1320,2558,1,1020
2559.jpg,450,2559,1,600
2560.jpg,408,2560,1,478
2561.jpg,2992,2561,1,4921
2562.jpg,550,2562,1,800
2563.jpg,350,2563,1,350
2564.jpg,465,2564,1,646
2565.jpg,384,2565,1,800
2566.jpg,230,2566,1,408
2567.jpg,549,2567,1,1024
2568.jpg,800,2568,1,800
2569.jpg,1135,2569,1,1600
2570.jpg,422,2570,1,750
2571.jpg,232,2571,1,576
2572.jpg,362,2572,1,355
2573.jpg,378,2573,1,504
2574.jpg,270,2574,1,323
2575.jpg,371,2575,1,660
2576.jpg,791,2576,1,791
2577.jpg,422,2577,1,630
2578.jpg,279,2578,1,600
2579.jpg,822,2579,1,1024
2580.jpg,378,2580,1,630
2581.jpg,380,2581,1,600
2582.jpg,465,2582,1,600
2583.jpg,462,2583,1,500
2584.jpg,476,2584,1,740
2585.jpg,546,2585,1,351
2586.jpg,800,2586,1,498
2587.jpg,350,2587,1,350
2588.jpg,380,2588,1,558
2589.jpg,777,2589,1,600
2590.jpg,219,2590,1,600
2591.jpg,1472,2591,1,1006
2592.jpg,679,2592,1,900
2593.jpg,703,2593,1,1000
2594.jpg,823,2594,1,700
2595.jpg,556,2595,1,640
2596.jpg,443,2596,1,800
2597.jpg,720,2597,1,1280
2598.jpg,755,2598,1,700
2599.jpg,745,2599,1,2048
